Xbox,slickdeals.net/f/13740854-xbox-one-digital-games-doom-5-99-little-nightmares-complete-edition-4-49-dead-cells-16-24-the-jackbox-party-pack-6-19-49-mad-max-4-99-more-xbl-required?src=frontpage
Xbox,slickdeals.net/f/13740620-gears-of-war-ultimate-edition-xbox-one-digital-code-1-19?src=frontpage
Music,slickdeals.net/f/13708766-tidal-5-months-of-any-plan-for-5-new-users-only?src=sticky-24
Switch,slickdeals.net/f/13709600-nintendo-switch-pro-controller-55-free-shipping?src=frontpage
Switch,slickdeals.net/f/13691078-nintendo-switch-online-members-2-pk-nes-wireless-controllers-for-switch-35?src=frontpage
Switch,slickdeals.net/f/13739372-switch-digital-games-rayman-legends-definitive-ed-12-transistor-4-bastion-3-more?src=frontpage
Switch,slickdeals.net/f/13737980-nintendo-elite-edition-starter-kit-for-nintendo-switch-gray-15?src=frontpage
Xbox,slickdeals.net/f/13739102-gamestop-dotd-xbox-one-s-nba-2k19-149-new?src=frontpage
Xbox,slickdeals.net/f/13738277-the-evil-within-2-ps4-or-xbox-one-9-99-via-amazon?src=frontpage
Switch,slickdeals.net/f/13738112-starlink-battle-for-atlas-starter-pack-featuring-star-fox-nintendo-switch-8-free-shipping?src=frontpage
